snapshot,path,title,count,uniques
2026-10-07,/SynexyConsulting/TouchDeck,Overview,17,1
2026-10-07,/SynexyConsulting/TouchDeck/pulls,/pulls,14,1
2026-10-07,/SynexyConsulting/TouchDeck/actions,/actions,3,1
2026-10-07,/SynexyConsulting/TouchDeck/compare/feature/dependabot,/compare/feature/dependabot,3,1
2026-10-07,/SynexyConsulting/TouchDeck/edit/main/.github/workflows/release.yml,/edit/main/.github/workflows/release.yml,3,1
2026-10-07,/SynexyConsulting/TouchDeck/compare/norfanos-patch-1,/compare/norfanos-patch-1,2,1
2026-10-07,/SynexyConsulting/TouchDeck/issues,/issues,2,1
2026-10-07,/SynexyConsulting/TouchDeck/pull/1,/pull/1,2,1
2026-10-07,/SynexyConsulting/TouchDeck/pull/3,/pull/3,2,1
2026-10-07,/SynexyConsulting/TouchDeck/pull/6,/pull/6,2,1
2026-10-08,/SynexyConsulting/TouchDeck,Overview,27,1
2026-10-08,/SynexyConsulting/TouchDeck/pulls,/pulls,20,1
2026-10-08,/SynexyConsulting/TouchDeck/compare/main...fix/ga4-transport-param,/compare/main...fix/ga4-transport-param,6,1
2026-10-08,/SynexyConsulting/TouchDeck/compare/feature/dependabot,/compare/feature/dependabot,5,1
2026-10-08,/SynexyConsulting/TouchDeck/actions,/actions,4,1
2026-10-08,/SynexyConsulting/TouchDeck/edit/main/.github/workflows/release.yml,/edit/main/.github/workflows/release.yml,3,1
2026-10-08,/SynexyConsulting/TouchDeck/pull/7,/pull/7,3,1
2026-10-08,/SynexyConsulting/TouchDeck/actions/workflows/traffic.yml,/actions/workflows/traffic.yml,2,1
2026-10-08,/SynexyConsulting/TouchDeck/compare/main...feature/board-links-donate,/compare/main...feature/board-links-donate,2,1
2026-10-08,/SynexyConsulting/TouchDeck/compare/norfanos-patch-1,/compare/norfanos-patch-1,2,1
2026-10-09,/SynexyConsulting/TouchDeck,Overview,27,1
2026-10-09,/SynexyConsulting/TouchDeck/pulls,/pulls,20,1
2026-10-09,/SynexyConsulting/TouchDeck/compare/main...fix/ga4-transport-param,/compare/main...fix/ga4-transport-param,6,1
2026-10-09,/SynexyConsulting/TouchDeck/compare/feature/dependabot,/compare/feature/dependabot,5,1
2026-10-09,/SynexyConsulting/TouchDeck/actions,/actions,4,1
2026-10-09,/SynexyConsulting/TouchDeck/edit/main/.github/workflows/release.yml,/edit/main/.github/workflows/release.yml,3,1
2026-10-09,/SynexyConsulting/TouchDeck/pull/7,/pull/7,3,1
2026-10-09,/SynexyConsulting/TouchDeck/actions/workflows/traffic.yml,/actions/workflows/traffic.yml,2,1
2026-10-09,/SynexyConsulting/TouchDeck/compare/main...feature/board-links-donate,/compare/main...feature/board-links-donate,2,1
2026-10-09,/SynexyConsulting/TouchDeck/compare/norfanos-patch-1,/compare/norfanos-patch-1,2,1
2026-10-10,/SynexyConsulting/TouchDeck,Overview,27,1
2026-10-10,/SynexyConsulting/TouchDeck/pulls,/pulls,20,1
2026-10-10,/SynexyConsulting/TouchDeck/compare/main...fix/ga4-transport-param,/compare/main...fix/ga4-transport-param,6,1
2026-10-10,/SynexyConsulting/TouchDeck/compare/feature/dependabot,/compare/feature/dependabot,5,1
2026-10-10,/SynexyConsulting/TouchDeck/actions,/actions,4,1
2026-10-10,/SynexyConsulting/TouchDeck/edit/main/.github/workflows/release.yml,/edit/main/.github/workflows/release.yml,3,1
2026-10-10,/SynexyConsulting/TouchDeck/pull/7,/pull/7,3,1
2026-10-10,/SynexyConsulting/TouchDeck/actions/workflows/traffic.yml,/actions/workflows/traffic.yml,2,1
2026-10-10,/SynexyConsulting/TouchDeck/compare/main...feature/board-links-donate,/compare/main...feature/board-links-donate,2,1
2026-10-10,/SynexyConsulting/TouchDeck/compare/norfanos-patch-1,/compare/norfanos-patch-1,2,1
